﻿<?xml version="1.0" encoding="utf-8"?>
<!--Comments: Settings for the FlexPendant.-->
<FP>
  <USER name="">
    <DATA id="ViewInManFull">
      <PROP name="text" value="PARAM_TXT_VIEWINMANFULL" />
      <PROP name="dll" value="" />
      <PROP name="type" value="" />
    </DATA>
    <DATA id="ViewInAuto">
      <PROP name="text" value="PARAM_TXT_VIEWINAUTO" />
      <PROP name="dll" value="TpsViewProductionWnd.dll" />
      <PROP name="type" value="ABB.Robotics.Tps.Production.TpsViewProductionWnd" />
    </DATA>
    <DATA id="Programmable Key_1">
      <PROP name="type" value="Output" />
      <PROP name="allowInAuto" value="Yes" />
      <PROP name="pressed" value="SetTo1" />
      <PROP name="target" value="sal_Lata" />
    </DATA>
    <DATA id="UASViewLevel">
      <PROP name="text" value="PARAM_TXT_UASVIEWLEVEL" />
      <PROP name="level" value="Msg" />
      <PROP name="type" value="" />
    </DATA>
    <DATA id="DefaultPath">
      <PROP name="BackupRestore" value="" />
    </DATA>
    <DATA id="QuickSet">
      <PROP name="IncrementToggle" value="Small" />
    </DATA>
    <DATA id="Programmable Key_2">
      <PROP name="type" value="Output" />
      <PROP name="allowInAuto" value="Yes" />
      <PROP name="pressed" value="SetTo1" />
      <PROP name="target" value="sal_Brick" />
    </DATA>
    <DATA id="ViewInManual">
      <PROP name="text" value="PARAM_TXT_VIEWINMANUAL" />
      <PROP name="dll" value="" />
      <PROP name="type" value="" />
    </DATA>
    <DATA id="Program Editor">
      <PROP name="HideDeclarations" value="False" />
    </DATA>
    <DATA id="Show">
      <PROP name="default" value="CtrlName" />
    </DATA>
    <DATA id="Programmable Key_3">
      <PROP name="type" value="Output" />
      <PROP name="allowInAuto" value="Yes" />
      <PROP name="pressed" value="SetTo1" />
      <PROP name="target" value="sal_Brick45" />
    </DATA>
    <DATA id="AdditionalTestView">
      <PROP name="TestView" value="" />
    </DATA>
    <DATA id="Programmable Key_4">
      <PROP name="type" value="Output" />
      <PROP name="allowInAuto" value="Yes" />
      <PROP name="pressed" value="SetTo1" />
      <PROP name="target" value="sal_Brick90" />
    </DATA>
    <DATA id="UserSettings">
      <PROP name="RapidEditorFontIndex" value="5" />
    </DATA>
  </USER>
</FP>