<?xml version='1.0' encoding='UTF-8'?>
<system creation-date="2023-11-17 16:26:40.253000" desc="" enable="False" id="1F1884D1-A144-495B-B92B-C531AFB1DF7D" last-modified-date="" name="Controlador1"><applications><application name="RobotWare" version="6.15.3019"><settings><system-xml path="W:\RobotStudio\Pick&amp;Place Robotics\Controlador1\system.xml" /><key-id path="W:\RobotStudio\Pick&amp;Place Robotics\Controlador1\INTERNAL\key.id" /><setting-file path="W:\RobotStudio\Pick&amp;Place Robotics\Controlador1\INTERNAL\controller.rsf" /></settings></application></applications></system>