<?xml version='1.0' encoding='UTF-8'?>
<system creation-date="2023-11-15 10:16:46.942000" desc="" enable="False" id="928D6831-C6F9-4A40-9674-E365C6F7FA38" last-modified-date="" name="Controlador1"><applications><application name="RobotWare" version="6.15.3019"><settings><system-xml path="W:\RobotStudio\Pick&amp;Place Robotics\Project\Controlador1\system.xml" /><key-id path="W:\RobotStudio\Pick&amp;Place Robotics\Project\Controlador1\INTERNAL\key.id" /><setting-file path="W:\RobotStudio\Pick&amp;Place Robotics\Project\Controlador1\INTERNAL\controller.rsf" /></settings></application></applications></system>